id,subject,board,created_by,created_dt,views
104,topic test 99,1,1,2021-07-14 08:19:53,1
103,topic test 98,1,1,2021-07-14 08:19:53,0
102,topic test 97,1,1,2021-07-14 08:19:53,0
101,topic test 96,1,1,2021-07-14 08:19:53,0
100,topic test 95,1,1,2021-07-14 08:19:53,0
99,topic test 94,1,1,2021-07-14 08:19:53,0
98,topic test 93,1,1,2021-07-14 08:19:53,0
97,topic test 92,1,1,2021-07-14 08:19:53,0
96,topic test 91,1,1,2021-07-14 08:19:53,0
95,topic test 90,1,1,2021-07-14 08:19:53,0
94,topic test 89,1,1,2021-07-14 08:19:53,0
93,topic test 88,1,1,2021-07-14 08:19:53,0
92,topic test 87,1,1,2021-07-14 08:19:53,0
91,topic test 86,1,1,2021-07-14 08:19:53,0
90,topic test 85,1,1,2021-07-14 08:19:53,0
89,topic test 84,1,1,2021-07-14 08:19:53,0
88,topic test 83,1,1,2021-07-14 08:19:53,0
87,topic test 82,1,1,2021-07-14 08:19:53,0
86,topic test 81,1,1,2021-07-14 08:19:53,0
85,topic test 80,1,1,2021-07-14 08:19:53,0
84,topic test 79,1,1,2021-07-14 08:19:53,0
83,topic test 78,1,1,2021-07-14 08:19:53,0
82,topic test 77,1,1,2021-07-14 08:19:53,0
81,topic test 76,1,1,2021-07-14 08:19:53,0
80,topic test 75,1,1,2021-07-14 08:19:53,0
79,topic test 74,1,1,2021-07-14 08:19:53,0
78,topic test 73,1,1,2021-07-14 08:19:53,0
77,topic test 72,1,1,2021-07-14 08:19:53,0
76,topic test 71,1,1,2021-07-14 08:19:53,0
75,topic test 70,1,1,2021-07-14 08:19:53,0
74,topic test 69,1,1,2021-07-14 08:19:53,0
73,topic test 68,1,1,2021-07-14 08:19:53,0
72,topic test 67,1,1,2021-07-14 08:19:53,0
71,topic test 66,1,1,2021-07-14 08:19:53,0
70,topic test 65,1,1,2021-07-14 08:19:53,0
69,topic test 64,1,1,2021-07-14 08:19:53,0
68,topic test 63,1,1,2021-07-14 08:19:53,0
67,topic test 62,1,1,2021-07-14 08:19:53,0
66,topic test 61,1,1,2021-07-14 08:19:53,0
65,topic test 60,1,1,2021-07-14 08:19:53,0
64,topic test 59,1,1,2021-07-14 08:19:53,0
63,topic test 58,1,1,2021-07-14 08:19:53,0
62,topic test 57,1,1,2021-07-14 08:19:53,0
61,topic test 56,1,1,2021-07-14 08:19:52,0
60,topic test 55,1,1,2021-07-14 08:19:52,0
59,topic test 54,1,1,2021-07-14 08:19:52,0
58,topic test 53,1,1,2021-07-14 08:19:52,0
57,topic test 52,1,1,2021-07-14 08:19:52,0
56,topic test 51,1,1,2021-07-14 08:19:52,0
55,topic test 50,1,1,2021-07-14 08:19:52,0
54,topic test 49,1,1,2021-07-14 08:19:52,0
53,topic test 48,1,1,2021-07-14 08:19:52,0
52,topic test 47,1,1,2021-07-14 08:19:52,0
51,topic test 46,1,1,2021-07-14 08:19:52,0
50,topic test 45,1,1,2021-07-14 08:19:52,0
49,topic test 44,1,1,2021-07-14 08:19:52,0
48,topic test 43,1,1,2021-07-14 08:19:52,0
47,topic test 42,1,1,2021-07-14 08:19:52,0
46,topic test 41,1,1,2021-07-14 08:19:52,0
45,topic test 40,1,1,2021-07-14 08:19:52,0
44,topic test 39,1,1,2021-07-14 08:19:52,0
43,topic test 38,1,1,2021-07-14 08:19:52,0
42,topic test 37,1,1,2021-07-14 08:19:52,0
41,topic test 36,1,1,2021-07-14 08:19:52,0
40,topic test 35,1,1,2021-07-14 08:19:51,0
39,topic test 34,1,1,2021-07-14 08:19:51,0
38,topic test 33,1,1,2021-07-14 08:19:51,0
37,topic test 32,1,1,2021-07-14 08:19:51,0
36,topic test 31,1,1,2021-07-14 08:19:51,0
35,topic test 30,1,1,2021-07-14 08:19:51,0
34,topic test 29,1,1,2021-07-14 08:19:51,0
33,topic test 28,1,1,2021-07-14 08:19:51,0
32,topic test 27,1,1,2021-07-14 08:19:51,0
31,topic test 26,1,1,2021-07-14 08:19:51,0
30,topic test 25,1,1,2021-07-14 08:19:51,0
29,topic test 24,1,1,2021-07-14 08:19:51,0
28,topic test 23,1,1,2021-07-14 08:19:51,0
27,topic test 22,1,1,2021-07-14 08:19:51,0
26,topic test 21,1,1,2021-07-14 08:19:51,0
25,topic test 20,1,1,2021-07-14 08:19:51,0
24,topic test 19,1,1,2021-07-14 08:19:51,0
23,topic test 18,1,1,2021-07-14 08:19:51,0
22,topic test 17,1,1,2021-07-14 08:19:51,0
21,topic test 16,1,1,2021-07-14 08:19:51,0
20,topic test 15,1,1,2021-07-14 08:19:51,0
19,topic test 14,1,1,2021-07-14 08:19:51,0
18,topic test 13,1,1,2021-07-14 08:19:51,0
17,topic test 12,1,1,2021-07-14 08:19:51,0
16,topic test 11,1,1,2021-07-14 08:19:51,0
15,topic test 10,1,1,2021-07-14 08:19:51,0
14,topic test 9,1,1,2021-07-14 08:19:51,0
13,topic test 8,1,1,2021-07-14 08:19:51,0
12,topic test 7,1,1,2021-07-14 08:19:51,0
11,topic test 6,1,1,2021-07-14 08:19:51,0
10,topic test 5,1,1,2021-07-14 08:19:51,0
9,topic test 4,1,1,2021-07-14 08:19:51,0
8,topic test 3,1,1,2021-07-14 08:19:51,1
7,topic test 2,1,1,2021-07-14 08:19:51,0
6,topic test 1,1,1,2021-07-14 08:19:51,0
5,topic test 0,1,1,2021-07-14 08:19:51,0
4,iOS vs Android: An honest look,2,5,2021-07-12 09:38:48,4
3,Java for Web development !!,1,4,2021-07-09 14:07:22,55
2,About PHP,1,1,2021-07-05 17:29:23,12
1,django vs nodejs,1,1,2021-07-05 17:26:41,23
